INSERT INTO "IdentityRole"  (id, "name", description , can_be_updated, can_be_deleted) VALUES
('470adfb0-4c7e-44e4-a8ea-7030de198615', 'ADMIN', 'Quản trị viên', FALSE, FALSE),
('570adfb0-35c4-4928-b512-4ed7af91c17f', 'STUDENT', 'Sinh viên', FALSE, FALSE),
('ebebd34c-c4d0-4fcf-964b-c88133f4c69f', 'TEACHER', 'Giảng viên', FALSE, FALSE),
('c5416269-f4e7-4ef0-9597-13d6705fd6b6', 'ORGANIZATION', 'Nhà tổ chức', FALSE, FALSE),
('869825a5-3a60-479b-b580-f8ced15731f4', 'ORGANIZATION CONTACT', 'Đại diện nhà tổ chức', FALSE, FALSE);

INSERT INTO "IdentityUser" (id, username, email, "hashedPassword", fullname, "imageUrl") VALUES
('500eb9e8-f16f-44d7-918b-26d77ff8f644', 'admin', 'admin@gmail.com', '$2b$10$DaTu7I05mr9L02xHskb1I.oCBWAcBL8arxXCf8y69qdWhmbemi30e', 'ServeSync', 'http://cb.dut.udn.vn/ImageSV/20/102200180.jpg');

INSERT INTO "UserRole" (user_id, role_id) VALUES 
('500eb9e8-f16f-44d7-918b-26d77ff8f644', '470adfb0-4c7e-44e4-a8ea-7030de198615');

INSERT INTO "EducationProgram" (id, "name", "requiredActivityScore", "requiredCredit") VALUES
(gen_random_uuid(), 'Cử nhân', 60, 130),
(gen_random_uuid(), 'Kĩ sư ', 75, 180);

INSERT INTO "Faculty"  (id, "name") VALUES
('a5e2d3c4-123f-41d9-afe0-d6d2b8d55f72', 'Hóa'),
('b2f2c4e8-6571-4a23-9af8-17a9d1e1b2d8', 'Điện'),
('c7e1d5f3-79ef-4e1e-8d94-3d2f4a7c3b4a', 'Cơ khí'),
('d3f8e6a9-1e94-4f5d-9d33-2c1b4a5e5f3e', 'Kiến trúc'),
('e4c7b1a3-2b16-4511-89f2-8f9d3a4b6e7f', 'Môi trường'),
('f6d9e2c5-8a57-4d81-8f3d-5b9e2c1a4b7a', 'Quản lý dự án'),
('a1b8c9d7-4e61-4d85-94b2-1c3a7e8b4d5f', 'Nhiệt - Điện lạnh'),
('b3e9f2d8-6f82-4d91-8c3f-2e5b1a9c7d4a', 'Cơ khí Giao thông'),
('c2d5e6f1-3a8c-4e9f-9b1d-3a5d6c2e9f4a', 'Công nghệ Thông tin'),
('d1e8f7c3-9d5a-4a3f-8f7d-2c3e9b1f8d7a', 'Điện tử - Viễn thông'),
('e9c5f2b6-1b84-4f2f-9d8c-3a2e7b5d8f4a', 'Xây dựng Cầu - Đường'),
('f8d2e3c7-4a3e-4d8b-9e7c-1b5d9c3a2e7f', 'Xây dựng Thủy lợi - Thủy Điện'),
('a7c1d4f9-5a3f-4e8d-9f6c-3d1a8c2f7b4e', 'Xây dựng Dân dụng và Công nghiệp'),
('b6d3e9f2-8f7d-4a5e-9e8c-1d2c3f5a8b4d', 'Khoa học Công nghệ tiên tiến');

INSERT INTO "HomeRoom"  (id, "name" , faculty_id) VALUES
(gen_random_uuid(), '19C4CLC1', 'b3e9f2d8-6f82-4d91-8c3f-2e5b1a9c7d4a'),
(gen_random_uuid(), '19C4CLC2', 'b3e9f2d8-6f82-4d91-8c3f-2e5b1a9c7d4a'),
(gen_random_uuid(), '19C4CLC3', 'b3e9f2d8-6f82-4d91-8c3f-2e5b1a9c7d4a'),
(gen_random_uuid(), '19C4CLC4', 'b3e9f2d8-6f82-4d91-8c3f-2e5b1a9c7d4a'),
(gen_random_uuid(), '19HTCN', 'b3e9f2d8-6f82-4d91-8c3f-2e5b1a9c7d4a'),
(gen_random_uuid(), '19KTTT', 'b3e9f2d8-6f82-4d91-8c3f-2e5b1a9c7d4a'),
(gen_random_uuid(), '20C4A', 'b3e9f2d8-6f82-4d91-8c3f-2e5b1a9c7d4a'),
(gen_random_uuid(), '20C4B', 'b3e9f2d8-6f82-4d91-8c3f-2e5b1a9c7d4a'),
(gen_random_uuid(), '20C4CLC4', 'b3e9f2d8-6f82-4d91-8c3f-2e5b1a9c7d4a'),
(gen_random_uuid(), '20HTCN', 'b3e9f2d8-6f82-4d91-8c3f-2e5b1a9c7d4a'),
(gen_random_uuid(), '20KTTT', 'b3e9f2d8-6f82-4d91-8c3f-2e5b1a9c7d4a'),
(gen_random_uuid(), '21C4A', 'b3e9f2d8-6f82-4d91-8c3f-2e5b1a9c7d4a'),
(gen_random_uuid(), '21C4CLC2', 'b3e9f2d8-6f82-4d91-8c3f-2e5b1a9c7d4a'),
(gen_random_uuid(), '21HTCN', 'b3e9f2d8-6f82-4d91-8c3f-2e5b1a9c7d4a'),
(gen_random_uuid(), '21HTCN2', 'b3e9f2d8-6f82-4d91-8c3f-2e5b1a9c7d4a'),
(gen_random_uuid(), '21KTOTO1', 'b3e9f2d8-6f82-4d91-8c3f-2e5b1a9c7d4a'),
(gen_random_uuid(), '21KTOTO2', 'b3e9f2d8-6f82-4d91-8c3f-2e5b1a9c7d4a'),
(gen_random_uuid(), '22C4C', 'b3e9f2d8-6f82-4d91-8c3f-2e5b1a9c7d4a'),
(gen_random_uuid(), '22KTOTO1', 'b3e9f2d8-6f82-4d91-8c3f-2e5b1a9c7d4a'),
(gen_random_uuid(), '22KTOTO2', 'b3e9f2d8-6f82-4d91-8c3f-2e5b1a9c7d4a'),

(gen_random_uuid(), '19TCLC_DT1', 'c2d5e6f1-3a8c-4e9f-9b1d-3a5d6c2e9f4a'),
(gen_random_uuid(), '19TCLC_DT2', 'c2d5e6f1-3a8c-4e9f-9b1d-3a5d6c2e9f4a'),
(gen_random_uuid(), '19TCLC_DT3', 'c2d5e6f1-3a8c-4e9f-9b1d-3a5d6c2e9f4a'),
(gen_random_uuid(), '19TCLC_DT4', 'c2d5e6f1-3a8c-4e9f-9b1d-3a5d6c2e9f4a'),
(gen_random_uuid(), '19TCLC_DT5', 'c2d5e6f1-3a8c-4e9f-9b1d-3a5d6c2e9f4a'),
(gen_random_uuid(), '19TCLC_DT6', 'c2d5e6f1-3a8c-4e9f-9b1d-3a5d6c2e9f4a'),
(gen_random_uuid(), '19TCLC_Nhat1', 'c2d5e6f1-3a8c-4e9f-9b1d-3a5d6c2e9f4a'),
(gen_random_uuid(), '19TCLC_Nhat2', 'c2d5e6f1-3a8c-4e9f-9b1d-3a5d6c2e9f4a'),
(gen_random_uuid(), '20T1', 'c2d5e6f1-3a8c-4e9f-9b1d-3a5d6c2e9f4a'),
(gen_random_uuid(), '20T2', 'c2d5e6f1-3a8c-4e9f-9b1d-3a5d6c2e9f4a'),
(gen_random_uuid(), '20TCLC_DT1', 'c2d5e6f1-3a8c-4e9f-9b1d-3a5d6c2e9f4a'),
(gen_random_uuid(), '20TCLC_DT2', 'c2d5e6f1-3a8c-4e9f-9b1d-3a5d6c2e9f4a'),
(gen_random_uuid(), '20TCLC_DT3', 'c2d5e6f1-3a8c-4e9f-9b1d-3a5d6c2e9f4a'),
(gen_random_uuid(), '20TCLC_DT4', 'c2d5e6f1-3a8c-4e9f-9b1d-3a5d6c2e9f4a'),
(gen_random_uuid(), '20TCLC_DT5', 'c2d5e6f1-3a8c-4e9f-9b1d-3a5d6c2e9f4a'),
(gen_random_uuid(), '20TCLC_KHDL', 'c2d5e6f1-3a8c-4e9f-9b1d-3a5d6c2e9f4a'),
(gen_random_uuid(), '20TCLC_NHAT1', 'c2d5e6f1-3a8c-4e9f-9b1d-3a5d6c2e9f4a'),
(gen_random_uuid(), '20TCLC_NHAT2', 'c2d5e6f1-3a8c-4e9f-9b1d-3a5d6c2e9f4a'),
(gen_random_uuid(), '21T_DT', 'c2d5e6f1-3a8c-4e9f-9b1d-3a5d6c2e9f4a'),
(gen_random_uuid(), '21T_DT2', 'c2d5e6f1-3a8c-4e9f-9b1d-3a5d6c2e9f4a'),
(gen_random_uuid(), '21TCLC_DT1', 'c2d5e6f1-3a8c-4e9f-9b1d-3a5d6c2e9f4a'),
(gen_random_uuid(), '21TCLC_DT2', 'c2d5e6f1-3a8c-4e9f-9b1d-3a5d6c2e9f4a'),
(gen_random_uuid(), '21TCLC_DT3', 'c2d5e6f1-3a8c-4e9f-9b1d-3a5d6c2e9f4a'),
(gen_random_uuid(), '21TCLC_DT4', 'c2d5e6f1-3a8c-4e9f-9b1d-3a5d6c2e9f4a'),

(gen_random_uuid(), '19C1A', 'c7e1d5f3-79ef-4e1e-8d94-3d2f4a7c3b4a'),
(gen_random_uuid(), '19C1B', 'c7e1d5f3-79ef-4e1e-8d94-3d2f4a7c3b4a'),
(gen_random_uuid(), '19C1C', 'c7e1d5f3-79ef-4e1e-8d94-3d2f4a7c3b4a'),
(gen_random_uuid(), '19C1D', 'c7e1d5f3-79ef-4e1e-8d94-3d2f4a7c3b4a'),
(gen_random_uuid(), '19CDTCLC1', 'c7e1d5f3-79ef-4e1e-8d94-3d2f4a7c3b4a'),
(gen_random_uuid(), '19CDTCLC2', 'c7e1d5f3-79ef-4e1e-8d94-3d2f4a7c3b4a'),
(gen_random_uuid(), '19CDTCLC3', 'c7e1d5f3-79ef-4e1e-8d94-3d2f4a7c3b4a'),
(gen_random_uuid(), '19CDTCLC4', 'c7e1d5f3-79ef-4e1e-8d94-3d2f4a7c3b4a'),
(gen_random_uuid(), '20C1A', 'c7e1d5f3-79ef-4e1e-8d94-3d2f4a7c3b4a'),
(gen_random_uuid(), '20C1C', 'c7e1d5f3-79ef-4e1e-8d94-3d2f4a7c3b4a'),
(gen_random_uuid(), '20CDT1', 'c7e1d5f3-79ef-4e1e-8d94-3d2f4a7c3b4a'),
(gen_random_uuid(), '20CDT2', 'c7e1d5f3-79ef-4e1e-8d94-3d2f4a7c3b4a'),
(gen_random_uuid(), '20CDTCLC1', 'c7e1d5f3-79ef-4e1e-8d94-3d2f4a7c3b4a'),
(gen_random_uuid(), '20CDTCLC2', 'c7e1d5f3-79ef-4e1e-8d94-3d2f4a7c3b4a'),
(gen_random_uuid(), '20CKHK', 'c7e1d5f3-79ef-4e1e-8d94-3d2f4a7c3b4a'),
(gen_random_uuid(), '21C1A', 'c7e1d5f3-79ef-4e1e-8d94-3d2f4a7c3b4a'),
(gen_random_uuid(), '21C1B', 'c7e1d5f3-79ef-4e1e-8d94-3d2f4a7c3b4a'),
(gen_random_uuid(), '21C1C', 'c7e1d5f3-79ef-4e1e-8d94-3d2f4a7c3b4a'),
(gen_random_uuid(), '21C1D', 'c7e1d5f3-79ef-4e1e-8d94-3d2f4a7c3b4a'),
(gen_random_uuid(), '21CDT1', 'c7e1d5f3-79ef-4e1e-8d94-3d2f4a7c3b4a'),
(gen_random_uuid(), '21CDT2', 'c7e1d5f3-79ef-4e1e-8d94-3d2f4a7c3b4a'),
(gen_random_uuid(), '21CDTCLC1', 'c7e1d5f3-79ef-4e1e-8d94-3d2f4a7c3b4a'),
(gen_random_uuid(), '21CDTCLC2', 'c7e1d5f3-79ef-4e1e-8d94-3d2f4a7c3b4a'),
(gen_random_uuid(), '21CKHK', 'c7e1d5f3-79ef-4e1e-8d94-3d2f4a7c3b4a'),
(gen_random_uuid(), '22C1A', 'c7e1d5f3-79ef-4e1e-8d94-3d2f4a7c3b4a'),
(gen_random_uuid(), '22CDT2', 'c7e1d5f3-79ef-4e1e-8d94-3d2f4a7c3b4a'),
(gen_random_uuid(), '22CDT3', 'c7e1d5f3-79ef-4e1e-8d94-3d2f4a7c3b4a'),

(gen_random_uuid(), '19H2CLC1', 'a5e2d3c4-123f-41d9-afe0-d6d2b8d55f72'),
(gen_random_uuid(), '19H2CLC2', 'a5e2d3c4-123f-41d9-afe0-d6d2b8d55f72'),
(gen_random_uuid(), '19H5CLC', 'a5e2d3c4-123f-41d9-afe0-d6d2b8d55f72'),
(gen_random_uuid(), '19KTHH1', 'a5e2d3c4-123f-41d9-afe0-d6d2b8d55f72'),
(gen_random_uuid(), '19KTHH2', 'a5e2d3c4-123f-41d9-afe0-d6d2b8d55f72'),
(gen_random_uuid(), '19SH1', 'a5e2d3c4-123f-41d9-afe0-d6d2b8d55f72'),
(gen_random_uuid(), '19SH2', 'a5e2d3c4-123f-41d9-afe0-d6d2b8d55f72'),
(gen_random_uuid(), '20H2', 'a5e2d3c4-123f-41d9-afe0-d6d2b8d55f72'),
(gen_random_uuid(), '20H2CLC', 'a5e2d3c4-123f-41d9-afe0-d6d2b8d55f72'),
(gen_random_uuid(), '20H5', 'a5e2d3c4-123f-41d9-afe0-d6d2b8d55f72'),
(gen_random_uuid(), '20KTHH1', 'a5e2d3c4-123f-41d9-afe0-d6d2b8d55f72'),
(gen_random_uuid(), '20KTHH2', 'a5e2d3c4-123f-41d9-afe0-d6d2b8d55f72'),
(gen_random_uuid(), '20SH1', 'a5e2d3c4-123f-41d9-afe0-d6d2b8d55f72'),
(gen_random_uuid(), '20SH2', 'a5e2d3c4-123f-41d9-afe0-d6d2b8d55f72'),
(gen_random_uuid(), '21H2', 'a5e2d3c4-123f-41d9-afe0-d6d2b8d55f72'),
(gen_random_uuid(), '21H2B', 'a5e2d3c4-123f-41d9-afe0-d6d2b8d55f72'),
(gen_random_uuid(), '21H2CLC1', 'a5e2d3c4-123f-41d9-afe0-d6d2b8d55f72'),
(gen_random_uuid(), '21H2CLC2', 'a5e2d3c4-123f-41d9-afe0-d6d2b8d55f72'),
(gen_random_uuid(), '21H5', 'a5e2d3c4-123f-41d9-afe0-d6d2b8d55f72'),
(gen_random_uuid(), '21KTHH1', 'a5e2d3c4-123f-41d9-afe0-d6d2b8d55f72'),
(gen_random_uuid(), '21KTHH2', 'a5e2d3c4-123f-41d9-afe0-d6d2b8d55f72'),
(gen_random_uuid(), '21SH1', 'a5e2d3c4-123f-41d9-afe0-d6d2b8d55f72'),
(gen_random_uuid(), '21SH2', 'a5e2d3c4-123f-41d9-afe0-d6d2b8d55f72'),
(gen_random_uuid(), '22H2B', 'a5e2d3c4-123f-41d9-afe0-d6d2b8d55f72'),
(gen_random_uuid(), '22H2C', 'a5e2d3c4-123f-41d9-afe0-d6d2b8d55f72'),
(gen_random_uuid(), '22H5', 'a5e2d3c4-123f-41d9-afe0-d6d2b8d55f72'),
(gen_random_uuid(), '22KTHH1', 'a5e2d3c4-123f-41d9-afe0-d6d2b8d55f72'),
(gen_random_uuid(), '22KTHH2', 'a5e2d3c4-123f-41d9-afe0-d6d2b8d55f72'),
(gen_random_uuid(), '22SH1', 'a5e2d3c4-123f-41d9-afe0-d6d2b8d55f72'),
(gen_random_uuid(), '22SHYD', 'a5e2d3c4-123f-41d9-afe0-d6d2b8d55f72'),

(gen_random_uuid(), '19DCLC2', 'b2f2c4e8-6571-4a23-9af8-17a9d1e1b2d8'),
(gen_random_uuid(), '19DCLC3', 'b2f2c4e8-6571-4a23-9af8-17a9d1e1b2d8'),
(gen_random_uuid(), '19DCLC4', 'b2f2c4e8-6571-4a23-9af8-17a9d1e1b2d8'),
(gen_random_uuid(), '19TDHCLC1', 'b2f2c4e8-6571-4a23-9af8-17a9d1e1b2d8'),
(gen_random_uuid(), '19TDHCLC2', 'b2f2c4e8-6571-4a23-9af8-17a9d1e1b2d8'),
(gen_random_uuid(), '19TDHCLC3', 'b2f2c4e8-6571-4a23-9af8-17a9d1e1b2d8'),
(gen_random_uuid(), '19TDHCLC4', 'b2f2c4e8-6571-4a23-9af8-17a9d1e1b2d8'),
(gen_random_uuid(), '19TDHCLC5', 'b2f2c4e8-6571-4a23-9af8-17a9d1e1b2d8'),
(gen_random_uuid(), '20D1', 'b2f2c4e8-6571-4a23-9af8-17a9d1e1b2d8'),
(gen_random_uuid(), '20D2', 'b2f2c4e8-6571-4a23-9af8-17a9d1e1b2d8'),
(gen_random_uuid(), '20DCLC1', 'b2f2c4e8-6571-4a23-9af8-17a9d1e1b2d8'),
(gen_random_uuid(), '20DCLC2', 'b2f2c4e8-6571-4a23-9af8-17a9d1e1b2d8'),
(gen_random_uuid(), '20DCLC3', 'b2f2c4e8-6571-4a23-9af8-17a9d1e1b2d8'),
(gen_random_uuid(), '20DCLC4', 'b2f2c4e8-6571-4a23-9af8-17a9d1e1b2d8'),
(gen_random_uuid(), '20TDH1', 'b2f2c4e8-6571-4a23-9af8-17a9d1e1b2d8'),
(gen_random_uuid(), '20TDH2', 'b2f2c4e8-6571-4a23-9af8-17a9d1e1b2d8'),
(gen_random_uuid(), '20TDHCLC1', 'b2f2c4e8-6571-4a23-9af8-17a9d1e1b2d8'),
(gen_random_uuid(), '20TDHCLC2', 'b2f2c4e8-6571-4a23-9af8-17a9d1e1b2d8'),
(gen_random_uuid(), '20TDHCLC3', 'b2f2c4e8-6571-4a23-9af8-17a9d1e1b2d8'),
(gen_random_uuid(), '20TDHCLC4', 'b2f2c4e8-6571-4a23-9af8-17a9d1e1b2d8'),
(gen_random_uuid(), '21D1', 'b2f2c4e8-6571-4a23-9af8-17a9d1e1b2d8'),
(gen_random_uuid(), '21D2', 'b2f2c4e8-6571-4a23-9af8-17a9d1e1b2d8'),
(gen_random_uuid(), '21DCLC1', 'b2f2c4e8-6571-4a23-9af8-17a9d1e1b2d8'),
(gen_random_uuid(), '21DCLC4', 'b2f2c4e8-6571-4a23-9af8-17a9d1e1b2d8'),
(gen_random_uuid(), '21TDH1', 'b2f2c4e8-6571-4a23-9af8-17a9d1e1b2d8'),
(gen_random_uuid(), '21TDH2', 'b2f2c4e8-6571-4a23-9af8-17a9d1e1b2d8'),
(gen_random_uuid(), '21TDHCLC1', 'b2f2c4e8-6571-4a23-9af8-17a9d1e1b2d8'),
(gen_random_uuid(), '21TDHCLC2', 'b2f2c4e8-6571-4a23-9af8-17a9d1e1b2d8'),
(gen_random_uuid(), '22D2', 'b2f2c4e8-6571-4a23-9af8-17a9d1e1b2d8'),
(gen_random_uuid(), '22D4', 'b2f2c4e8-6571-4a23-9af8-17a9d1e1b2d8'),
(gen_random_uuid(), '22TDH1', 'b2f2c4e8-6571-4a23-9af8-17a9d1e1b2d8'),
(gen_random_uuid(), '22TDH2', 'b2f2c4e8-6571-4a23-9af8-17a9d1e1b2d8'),
(gen_random_uuid(), '22TDH3', 'b2f2c4e8-6571-4a23-9af8-17a9d1e1b2d8'),
(gen_random_uuid(), '22TDH4', 'b2f2c4e8-6571-4a23-9af8-17a9d1e1b2d8'),

(gen_random_uuid(), '19DTCLC1', 'd1e8f7c3-9d5a-4a3f-8f7d-2c3e9b1f8d7a'),
(gen_random_uuid(), '19DTCLC2', 'd1e8f7c3-9d5a-4a3f-8f7d-2c3e9b1f8d7a'),
(gen_random_uuid(), '19DTCLC3', 'd1e8f7c3-9d5a-4a3f-8f7d-2c3e9b1f8d7a'),
(gen_random_uuid(), '19DTCLC4', 'd1e8f7c3-9d5a-4a3f-8f7d-2c3e9b1f8d7a'),
(gen_random_uuid(), '20DT1', 'd1e8f7c3-9d5a-4a3f-8f7d-2c3e9b1f8d7a'),
(gen_random_uuid(), '20DTCLC1', 'd1e8f7c3-9d5a-4a3f-8f7d-2c3e9b1f8d7a'),
(gen_random_uuid(), '20DTCLC2', 'd1e8f7c3-9d5a-4a3f-8f7d-2c3e9b1f8d7a'),
(gen_random_uuid(), '20KTMT1', 'd1e8f7c3-9d5a-4a3f-8f7d-2c3e9b1f8d7a'),
(gen_random_uuid(), '20KTMT2', 'd1e8f7c3-9d5a-4a3f-8f7d-2c3e9b1f8d7a'),
(gen_random_uuid(), '21DT1', 'd1e8f7c3-9d5a-4a3f-8f7d-2c3e9b1f8d7a'),
(gen_random_uuid(), '21DT2', 'd1e8f7c3-9d5a-4a3f-8f7d-2c3e9b1f8d7a'),
(gen_random_uuid(), '21DTCLC1', 'd1e8f7c3-9d5a-4a3f-8f7d-2c3e9b1f8d7a'),
(gen_random_uuid(), '21DTCLC3', 'd1e8f7c3-9d5a-4a3f-8f7d-2c3e9b1f8d7a'),
(gen_random_uuid(), '21DTCLC4', 'd1e8f7c3-9d5a-4a3f-8f7d-2c3e9b1f8d7a'),
(gen_random_uuid(), '21KTMT', 'd1e8f7c3-9d5a-4a3f-8f7d-2c3e9b1f8d7a'),
(gen_random_uuid(), '21KTMT2', 'd1e8f7c3-9d5a-4a3f-8f7d-2c3e9b1f8d7a'),
(gen_random_uuid(), '22DT1', 'd1e8f7c3-9d5a-4a3f-8f7d-2c3e9b1f8d7a'),
(gen_random_uuid(), '22DT2', 'd1e8f7c3-9d5a-4a3f-8f7d-2c3e9b1f8d7a'),
(gen_random_uuid(), '22DT3', 'd1e8f7c3-9d5a-4a3f-8f7d-2c3e9b1f8d7a'),
(gen_random_uuid(), '22DT4', 'd1e8f7c3-9d5a-4a3f-8f7d-2c3e9b1f8d7a'),
(gen_random_uuid(), '22DT5', 'd1e8f7c3-9d5a-4a3f-8f7d-2c3e9b1f8d7a'),
(gen_random_uuid(), '22KTMT1', 'd1e8f7c3-9d5a-4a3f-8f7d-2c3e9b1f8d7a'),
(gen_random_uuid(), '22KTMT2', 'd1e8f7c3-9d5a-4a3f-8f7d-2c3e9b1f8d7a'),

(gen_random_uuid(), '19KTCLC1', 'd3f8e6a9-1e94-4f5d-9d33-2c1b4a5e5f3e'),
(gen_random_uuid(), '19KTCLC2', 'd3f8e6a9-1e94-4f5d-9d33-2c1b4a5e5f3e'),
(gen_random_uuid(), '20KT', 'd3f8e6a9-1e94-4f5d-9d33-2c1b4a5e5f3e'),
(gen_random_uuid(), '20KTCLC', 'd3f8e6a9-1e94-4f5d-9d33-2c1b4a5e5f3e'),
(gen_random_uuid(), '21KT', 'd3f8e6a9-1e94-4f5d-9d33-2c1b4a5e5f3e'),
(gen_random_uuid(), '21KT2', 'd3f8e6a9-1e94-4f5d-9d33-2c1b4a5e5f3e'),
(gen_random_uuid(), '21KTCLC', 'd3f8e6a9-1e94-4f5d-9d33-2c1b4a5e5f3e'),
(gen_random_uuid(), '22KT1', 'd3f8e6a9-1e94-4f5d-9d33-2c1b4a5e5f3e'),
(gen_random_uuid(), '22KT2', 'd3f8e6a9-1e94-4f5d-9d33-2c1b4a5e5f3e'),

(gen_random_uuid(), '19QLMT', 'e4c7b1a3-2b16-4511-89f2-8f9d3a4b6e7f'),
(gen_random_uuid(), '20MT', 'e4c7b1a3-2b16-4511-89f2-8f9d3a4b6e7f'),
(gen_random_uuid(), '20QLMT', 'e4c7b1a3-2b16-4511-89f2-8f9d3a4b6e7f'),
(gen_random_uuid(), '21MT', 'e4c7b1a3-2b16-4511-89f2-8f9d3a4b6e7f'),
(gen_random_uuid(), '22QLMT', 'e4c7b1a3-2b16-4511-89f2-8f9d3a4b6e7f'),

(gen_random_uuid(), '19X1CLC2', 'a7c1d4f9-5a3f-4e8d-9f6c-3d1a8c2f7b4e'),
(gen_random_uuid(), '19X1CLC3', 'a7c1d4f9-5a3f-4e8d-9f6c-3d1a8c2f7b4e'),
(gen_random_uuid(), '20X1A', 'a7c1d4f9-5a3f-4e8d-9f6c-3d1a8c2f7b4e'),
(gen_random_uuid(), '20X1B', 'a7c1d4f9-5a3f-4e8d-9f6c-3d1a8c2f7b4e'),
(gen_random_uuid(), '20X1CLC1', 'a7c1d4f9-5a3f-4e8d-9f6c-3d1a8c2f7b4e'),
(gen_random_uuid(), '20X1CLC2', 'a7c1d4f9-5a3f-4e8d-9f6c-3d1a8c2f7b4e'),

(gen_random_uuid(), '19THXD', 'f8d2e3c7-4a3e-4d8b-9e7c-1b5d9c3a2e7f'),
(gen_random_uuid(), '20THXD1', 'f8d2e3c7-4a3e-4d8b-9e7c-1b5d9c3a2e7f'),
(gen_random_uuid(), '20X2', 'f8d2e3c7-4a3e-4d8b-9e7c-1b5d9c3a2e7f'),
(gen_random_uuid(), '21THXD1', 'f8d2e3c7-4a3e-4d8b-9e7c-1b5d9c3a2e7f'),
(gen_random_uuid(), '21THXD2', 'f8d2e3c7-4a3e-4d8b-9e7c-1b5d9c3a2e7f'),
(gen_random_uuid(), '22THXD', 'f8d2e3c7-4a3e-4d8b-9e7c-1b5d9c3a2e7f'),
(gen_random_uuid(), '22X2', 'f8d2e3c7-4a3e-4d8b-9e7c-1b5d9c3a2e7f'),

(gen_random_uuid(), '19CSHT', 'e9c5f2b6-1b84-4f2f-9d8c-3a2e7b5d8f4a'),
(gen_random_uuid(), '19VLXD', 'e9c5f2b6-1b84-4f2f-9d8c-3a2e7b5d8f4a'),
(gen_random_uuid(), '19X3CLC', 'e9c5f2b6-1b84-4f2f-9d8c-3a2e7b5d8f4a'),
(gen_random_uuid(), '21CSHT', 'e9c5f2b6-1b84-4f2f-9d8c-3a2e7b5d8f4a'),
(gen_random_uuid(), '21X3', 'e9c5f2b6-1b84-4f2f-9d8c-3a2e7b5d8f4a'),
(gen_random_uuid(), '21X3B', 'e9c5f2b6-1b84-4f2f-9d8c-3a2e7b5d8f4a'),
(gen_random_uuid(), '22BIM_AI', 'e9c5f2b6-1b84-4f2f-9d8c-3a2e7b5d8f4a'),

(gen_random_uuid(), '19KXCLC1', 'f6d9e2c5-8a57-4d81-8f3d-5b9e2c1a4b7a'),
(gen_random_uuid(), '19KXCLC2', 'f6d9e2c5-8a57-4d81-8f3d-5b9e2c1a4b7a'),
(gen_random_uuid(), '19QLCN1', 'f6d9e2c5-8a57-4d81-8f3d-5b9e2c1a4b7a'),
(gen_random_uuid(), '19QLCN2', 'f6d9e2c5-8a57-4d81-8f3d-5b9e2c1a4b7a'),
(gen_random_uuid(), '20KX', 'f6d9e2c5-8a57-4d81-8f3d-5b9e2c1a4b7a'),
(gen_random_uuid(), '20KXCLC', 'f6d9e2c5-8a57-4d81-8f3d-5b9e2c1a4b7a'),
(gen_random_uuid(), '20QLCN1', 'f6d9e2c5-8a57-4d81-8f3d-5b9e2c1a4b7a'),
(gen_random_uuid(), '20QLCN2', 'f6d9e2c5-8a57-4d81-8f3d-5b9e2c1a4b7a'),
(gen_random_uuid(), '21KX', 'f6d9e2c5-8a57-4d81-8f3d-5b9e2c1a4b7a'),
(gen_random_uuid(), '21KXCLC', 'f6d9e2c5-8a57-4d81-8f3d-5b9e2c1a4b7a'),
(gen_random_uuid(), '21QLCN1', 'f6d9e2c5-8a57-4d81-8f3d-5b9e2c1a4b7a'),
(gen_random_uuid(), '21QLCN2', 'f6d9e2c5-8a57-4d81-8f3d-5b9e2c1a4b7a'),
(gen_random_uuid(), '22KX1', 'f6d9e2c5-8a57-4d81-8f3d-5b9e2c1a4b7a'),
(gen_random_uuid(), '22KX2', 'f6d9e2c5-8a57-4d81-8f3d-5b9e2c1a4b7a'),
(gen_random_uuid(), '22QLCN1', 'f6d9e2c5-8a57-4d81-8f3d-5b9e2c1a4b7a'),
(gen_random_uuid(), '22QLCN2', 'f6d9e2c5-8a57-4d81-8f3d-5b9e2c1a4b7a'),

(gen_random_uuid(), '19NCLC', 'a1b8c9d7-4e61-4d85-94b2-1c3a7e8b4d5f'),
(gen_random_uuid(), '20N', 'a1b8c9d7-4e61-4d85-94b2-1c3a7e8b4d5f'),
(gen_random_uuid(), '21N', 'a1b8c9d7-4e61-4d85-94b2-1c3a7e8b4d5f'),
(gen_random_uuid(), '21NCLC', 'a1b8c9d7-4e61-4d85-94b2-1c3a7e8b4d5f'),

(gen_random_uuid(), '19ECE', 'b6d3e9f2-8f7d-4a5e-9e8c-1d2c3f5a8b4d'),
(gen_random_uuid(), '19ES', 'b6d3e9f2-8f7d-4a5e-9e8c-1d2c3f5a8b4d'),
(gen_random_uuid(), '19PFIEV2', 'b6d3e9f2-8f7d-4a5e-9e8c-1d2c3f5a8b4d'),
(gen_random_uuid(), '19PFIEV3', 'b6d3e9f2-8f7d-4a5e-9e8c-1d2c3f5a8b4d'),
(gen_random_uuid(), '20ECE', 'b6d3e9f2-8f7d-4a5e-9e8c-1d2c3f5a8b4d'),
(gen_random_uuid(), '20ES', 'b6d3e9f2-8f7d-4a5e-9e8c-1d2c3f5a8b4d'),
(gen_random_uuid(), '20PFIEV3', 'b6d3e9f2-8f7d-4a5e-9e8c-1d2c3f5a8b4d'),
(gen_random_uuid(), '21ECE', 'b6d3e9f2-8f7d-4a5e-9e8c-1d2c3f5a8b4d'),
(gen_random_uuid(), '21ES', 'b6d3e9f2-8f7d-4a5e-9e8c-1d2c3f5a8b4d');


INSERT INTO "EventCategory" (id , "name" , "type") VALUES
('f88b90d8-9ee1-2b13-6fe6-1e1323cc2e39', 'Lĩnh vực công tác xã hội, tình nguyện, nhân đạo', 'Event'),
('b86b90d8-91e1-3b13-65e6-131323cc2e39', 'Hoạt động mang tính học thuật', 'Individual'),
('a81b9058-91e1-3b13-65e6-131321cc2e39', 'Tham gia BCH Đoàn, Hội Sinh viên các cấp, Ban cán sự lớp và có đóng góp tích cực', 'Individual'),
('c81b9058-91e1-3b43-65f6-131381cc2e39', 'Hỗ trợ, cộng tác viên thường xuyên cho Nhà trường và Đại học Đà Nẵng', 'Individual'),
('d81b9058-91e1-3b13-65e6-1c1381cc2e39', 'Các hoạt động khác', 'Event');


INSERT INTO "EventActivity"  (id , "name" , "minScore" , "maxScore" , event_category_id) VALUES
(gen_random_uuid(), 'Chương trình mùa hè xanh', 20, 30, 'f88b90d8-9ee1-2b13-6fe6-1e1323cc2e39'),
(gen_random_uuid(), 'Chương trình tình nguyện, nhân đạo, xã hội có quy mô và thời gian tham gia từ 03 ngày trở lên', 20, 30, 'f88b90d8-9ee1-2b13-6fe6-1e1323cc2e39'),
(gen_random_uuid(), 'Hoạt động nhân đạo; Hoạt động bảo vệ môi trường, góp phần xây dựng, cải tạo cảnh quan Nhà trường', 10, 20, 'f88b90d8-9ee1-2b13-6fe6-1e1323cc2e39'),
(gen_random_uuid(), 'Hoạt động hỗ trợ công tác khắc phục hậu quả thiên tai, dịch bệnh', 10, 20, 'f88b90d8-9ee1-2b13-6fe6-1e1323cc2e39'),
(gen_random_uuid(), 'Hoạt động đền ơn đáp nghĩa', 15, 20, 'f88b90d8-9ee1-2b13-6fe6-1e1323cc2e39'),
(gen_random_uuid(), 'Hiến máu nhân đạo', 15, 20, 'f88b90d8-9ee1-2b13-6fe6-1e1323cc2e39'),
(gen_random_uuid(), 'Đóng góp vật chất để ủng hộ cho các hoạt động từ thiện, tình nguyện', 5, 10, 'f88b90d8-9ee1-2b13-6fe6-1e1323cc2e39'),
(gen_random_uuid(), 'Hoạt động khác có tính chất tương tự mà thời gian diễn ra dưới 01 ngày', 15, 20, 'f88b90d8-9ee1-2b13-6fe6-1e1323cc2e39'),

(gen_random_uuid(), 'Tham gia với tư cách là thành viên BTC hoặc cộng tác viên cho các hoạt động cấp quốc gia, quốc tế được cấp có thẩm quyền xác nhận', 15, 15, 'b86b90d8-91e1-3b13-65e6-131323cc2e39'),
(gen_random_uuid(), 'Tham dự với tư cách là thành viên BTC hoặc cộng tác viên cho các hoạt động cấp thành phố, cấp ĐHĐN', 10, 10, 'b86b90d8-91e1-3b13-65e6-131323cc2e39'),
(gen_random_uuid(), 'Tham dự với tư cách là thành viên BTC hoặc cộng tác viên cho các họat động trong trường (từ cấp Khoa trở lên)', 5, 7, 'b86b90d8-91e1-3b13-65e6-131323cc2e39'),
(gen_random_uuid(), 'Tham dự (cổ vũ) cho các hoạt động các cấp', 3, 5, 'b86b90d8-91e1-3b13-65e6-131323cc2e39'),
(gen_random_uuid(), 'Có giải cấp Quốc tế', 30, 30, 'b86b90d8-91e1-3b13-65e6-131323cc2e39'),
(gen_random_uuid(), 'Có giải cấp Quốc gia', 25, 25, 'b86b90d8-91e1-3b13-65e6-131323cc2e39'),
(gen_random_uuid(), 'Có giải cấp tỉnh, thành phố', 20, 20, 'b86b90d8-91e1-3b13-65e6-131323cc2e39'),
(gen_random_uuid(), 'Có giải cấp ĐHĐN', 15, 20, 'b86b90d8-91e1-3b13-65e6-131323cc2e39'),
(gen_random_uuid(), 'Có giải cấp Trường', 10, 25, 'b86b90d8-91e1-3b13-65e6-131323cc2e39'),
(gen_random_uuid(), 'Có giải cấp Khoa', 5, 10, 'b86b90d8-91e1-3b13-65e6-131323cc2e39'),
(gen_random_uuid(), 'Tham gia nhưng không đạt giải tại các cuộc thi (có chứng nhận tham gia của Ban Tổ chức cuộc thi)', 3, 5, 'b86b90d8-91e1-3b13-65e6-131323cc2e39'),

(gen_random_uuid(), 'Là Ủy viên BCH Đoàn, Ủy viên BCH Hội SV cấp ĐHĐN trở lên, hoàn thành tốt nghiệm vụ và được tập thể ghi nhận', 25, 25, 'a81b9058-91e1-3b13-65e6-131321cc2e39'),
(gen_random_uuid(), 'Là Ủy viên BTV Đoàn, Ủy viên BTK Hội SV Trường, hoàn thành tốt nhiệm vụ và được tập thể ghi nhận', 20, 20, 'a81b9058-91e1-3b13-65e6-131321cc2e39'),
(gen_random_uuid(), 'Là Ủy viên BCH Đoàn, Ủy viên BCH Hội Sinh viên Trường, Bí thư/Phó Bí thư Liên chi Đoàn, Chi hội trưởng Liên chi hội Chủ nhiệm/Đội trưởng các Câu la bộ/Đội/Nhóm trực thuộc Đoàn Thanh niên - Hội Sinh viên Trường, hoàn thành tốt nhiệm vụ và được tập thể ghi nhận', 15, 15, 'a81b9058-91e1-3b13-65e6-131321cc2e39'),
(gen_random_uuid(), 'Là Ủy viên BCH Liên chi Đoàn - Liên chi Hội, Phó Chủ nhiệm các Câu lạc bộ/Đội/Nhóm trực thuộc Đoàn Thanh niên - Hội Sinh viên Trường, Chủ nhiệm các Câu lạc bộ/Đội/Nhóm trực thuộc Khoa/Liên chi Đoàn; Bí thư Chi Đoàn; Lớp trưởng; hoàn thành tốt nhiệm vụ và được tập thể ghi nhận', 5, 10, 'a81b9058-91e1-3b13-65e6-131321cc2e39'),
(gen_random_uuid(), 'Là Phó Bí thư Chi Đoàn, Lớp phó, Phó Chủ nhiệm các Câu lạc bộ/Đội/Nhóm trực thuộc Khoa/Liên chi Đoàn; hoàn thành tốt nhiệm vụ và được tập thể ghi nhận', 5, 7, 'a81b9058-91e1-3b13-65e6-131321cc2e39'),
(gen_random_uuid(), 'Là Ủy viên BCH Chi Đoàn - Chi Hội, thành viên Ban Chủ nhiệm/Ban Điều hành các Câu lạc bộ/Đội/Nhóm trực thuộc Đoàn Thanh niên/Hội SV, Khoa, Liên Chi Đoàn, hoàn thành tốt nhiệm vụ và được tập thể ghi nhận', 3, 5, 'a81b9058-91e1-3b13-65e6-131321cc2e39'),

(gen_random_uuid(), 'Tham gia hỗ trợ, cộng tác viên thường xuyên cho Nhà trường và Đại học Đà Nẵng', 10, 20, 'c81b9058-91e1-3b43-65f6-131381cc2e39'),
 
(gen_random_uuid(), 'Gặp mặt, giao lưu, trao đổi với doanh nghiệp, cựu sinh viên', 5, 10, 'd81b9058-91e1-3b13-65e6-1c1381cc2e39'),
(gen_random_uuid(), 'Tọa đàm về giáo dục giới tính, bình đẳng giới', 5, 10, 'd81b9058-91e1-3b13-65e6-1c1381cc2e39'),
(gen_random_uuid(), 'Tọa đàm về văn hóa ứng xử', 5, 10, 'd81b9058-91e1-3b13-65e6-1c1381cc2e39'),
(gen_random_uuid(), 'Tọa đàm về phòng chống bạo hành và xâm phạm trẻ em, pháp luật, an toàn giao thông, bảo vệ biển đảo', 5, 10, 'd81b9058-91e1-3b13-65e6-1c1381cc2e39'),
(gen_random_uuid(), 'Tọa đàm về pháp luật, an toàn giao thông, bảo vệ biển đảo', 5, 10, 'd81b9058-91e1-3b13-65e6-1c1381cc2e39'),
(gen_random_uuid(), 'Buổi gặp mặt, đối thoại với Hiệu trưởng và lãnh đạo Nhà trường', 5, 5, 'd81b9058-91e1-3b13-65e6-1c1381cc2e39'),
(gen_random_uuid(), 'Lĩnh vực đào tạo và đảm bảo chất lượng giáo dục đào tạo', 5, 20, 'd81b9058-91e1-3b13-65e6-1c1381cc2e39'),
(gen_random_uuid(), 'Lĩnh vực nghiên cứu khoa học và chuyển giao công nghệ', 20, 30, 'd81b9058-91e1-3b13-65e6-1c1381cc2e39'),
(gen_random_uuid(), 'Lĩnh vực tư vấn', 5, 20, 'd81b9058-91e1-3b13-65e6-1c1381cc2e39'),
(gen_random_uuid(), 'Hoạt động công tác sinh viên thường niên', 5, 10, 'd81b9058-91e1-3b13-65e6-1c1381cc2e39');